,dept_code,id
0,ACOA,crso
1,AECB,crso
2,AECL,crso
3,AGR,crso
4,ATSSC,crso
5,CAS,crso
6,CASDO,crso
7,CAT,crso
8,CATSA,crso
9,CB,crso
10,CBC,crso
11,CBSA,crso
12,CC,crso
13,CCC,crso
14,CCMD,crso
15,CCOHS,crso
16,CCRA,crso
17,CDC,crso
18,CEAA,crso
19,CEO,crso
20,CFDC,crso
21,CFGB,crso
22,CFIA,crso
23,CGC,crso
24,CH,crso
25,CHRC,crso
26,CHRT,crso
27,CI,crso
28,CICS,crso
29,CIHR,crso
30,CIRB,crso
31,CITT,crso
32,CMC,crso
33,CMHC,crso
34,CMHR,crso
35,CMI,crso
36,CMN,crso
37,CNEDA,crso
38,CNMI,crso
39,CPC,crso
40,CPCC,crso
41,CRTC,crso
42,CSA,crso
43,CSC,crso
44,CSEC,crso
45,CSIS,crso
46,CT,crso
47,CTA,crso
48,CTAIB,crso
49,EA,crso
50,EC,crso
51,ECBC,crso
52,EDC,crso
53,ERC,crso
54,FBCL,crso
55,FCAC,crso
56,FEDSO,crso
57,FIN,crso
58,FJA,crso
59,FO,crso
60,FORDQ,crso
61,FTRAC,crso
62,GG,crso
63,GSC,crso
64,H,crso
65,HC,crso
66,HRSD,crso
67,IDRC,crso
68,IJC,crso
69,INAC,crso
70,INDSC,crso
71,INVIC,crso
72,IPC,crso
73,IRB,crso
74,ISC,crso
75,JCCB,crso
76,JUS,crso
77,LAC,crso
78,LDC,crso
79,LP,crso
80,MPCC,crso
81,NAC,crso
82,NBC,crso
83,NCC,crso
84,ND,crso
85,NEB,crso
86,NFB,crso
87,NGC,crso
88,NMST,crso
89,NPA,crso
90,NPB,crso
91,NR,crso
92,NRC,crso
93,NSERC,crso
94,NSICP,crso
95,OAG,crso
96,OCI,crso
97,OCOL,crso
98,OCSEC,crso
99,ODPP,crso
100,OEC,crso
101,OICC,crso
102,OPSIC,crso
103,ORL,crso
104,OSEO,crso
105,OSFI,crso
106,PBO,crso
107,PCA,crso
108,PCC,crso
109,PCO,crso
110,PHAC,crso
111,PMPRB,crso
112,PPP,crso
113,PPS,crso
114,PSC,crso
115,PSEP,crso
116,PSSRB,crso
117,PSST,crso
118,RCMP,crso
119,RPSDP,crso
120,RSCT,crso
121,SC,crso
122,SCA,crso
123,SCC,crso
124,SEN,crso
125,SHARE,crso
126,SIRC,crso
127,SSHRC,crso
128,SWC,crso
129,TBC,crso
130,TC,crso
131,TOUR,crso
132,TRC,crso
133,VAC,crso
134,VIA,crso
135,VRAB,crso
136,WDBA,crso
137,WDO,crso
138,ACOA,org_employee_age_group
139,AECB,org_employee_age_group
140,AGR,org_employee_age_group
141,ATSSC,org_employee_age_group
142,CAS,org_employee_age_group
143,CB,org_employee_age_group
144,CBSA,org_employee_age_group
145,CCMD,org_employee_age_group
146,CCRA,org_employee_age_group
147,CDC,org_employee_age_group
148,CEAA,org_employee_age_group
149,CEO,org_employee_age_group
150,CFGB,org_employee_age_group
151,CFIA,org_employee_age_group
152,CGC,org_employee_age_group
153,CH,org_employee_age_group
154,CHRC,org_employee_age_group
155,CI,org_employee_age_group
156,CICS,org_employee_age_group
157,CIHR,org_employee_age_group
158,CNEDA,org_employee_age_group
159,CPAC,org_employee_age_group
160,CPCC,org_employee_age_group
161,CRTC,org_employee_age_group
162,CSA,org_employee_age_group
163,CSC,org_employee_age_group
164,CSEC,org_employee_age_group
165,CTA,org_employee_age_group
166,CTAIB,org_employee_age_group
167,EA,org_employee_age_group
168,EC,org_employee_age_group
169,ERC,org_employee_age_group
170,FCAC,org_employee_age_group
171,FEDSO,org_employee_age_group
172,FIN,org_employee_age_group
173,FJA,org_employee_age_group
174,FO,org_employee_age_group
175,FORDQ,org_employee_age_group
176,FTRAC,org_employee_age_group
177,GG,org_employee_age_group
178,GSC,org_employee_age_group
179,H,org_employee_age_group
180,HRSD,org_employee_age_group
181,IJC,org_employee_age_group
182,INAC,org_employee_age_group
183,IOG,org_employee_age_group
184,IPC,org_employee_age_group
185,IRB,org_employee_age_group
186,ISC,org_employee_age_group
187,JJJ,org_employee_age_group
188,JUS,org_employee_age_group
189,LAC,org_employee_age_group
190,MPCC,org_employee_age_group
191,ND,org_employee_age_group
192,NEB,org_employee_age_group
193,NFB,org_employee_age_group
194,NPB,org_employee_age_group
195,NR,org_employee_age_group
196,NRC,org_employee_age_group
197,NSERC,org_employee_age_group
198,OAG,org_employee_age_group
199,OCI,org_employee_age_group
200,OCOL,org_employee_age_group
201,ODPP,org_employee_age_group
202,OICC,org_employee_age_group
203,OPSIC,org_employee_age_group
204,ORL,org_employee_age_group
205,OSFI,org_employee_age_group
206,PCA,org_employee_age_group
207,PCC,org_employee_age_group
208,PCO,org_employee_age_group
209,PHAC,org_employee_age_group
210,PMPRB,org_employee_age_group
211,PSC,org_employee_age_group
212,PSEP,org_employee_age_group
213,RCMP,org_employee_age_group
214,SC,org_employee_age_group
215,SCC,org_employee_age_group
216,SHARE,org_employee_age_group
217,SIRC,org_employee_age_group
218,SSHRC,org_employee_age_group
219,SWC,org_employee_age_group
220,TBC,org_employee_age_group
221,TC,org_employee_age_group
222,TRC,org_employee_age_group
223,VAC,org_employee_age_group
224,VRAB,org_employee_age_group
225,WDO,org_employee_age_group
226,ZGOC,org_employee_age_group
227,ACOA,org_employee_avg_age
228,AECB,org_employee_avg_age
229,AGR,org_employee_avg_age
230,ATSSC,org_employee_avg_age
231,CAS,org_employee_avg_age
232,CB,org_employee_avg_age
233,CBSA,org_employee_avg_age
234,CCMD,org_employee_avg_age
235,CCRA,org_employee_avg_age
236,CDC,org_employee_avg_age
237,CEAA,org_employee_avg_age
238,CEO,org_employee_avg_age
239,CFGB,org_employee_avg_age
240,CFIA,org_employee_avg_age
241,CGC,org_employee_avg_age
242,CH,org_employee_avg_age
243,CHRC,org_employee_avg_age
244,CI,org_employee_avg_age
245,CICS,org_employee_avg_age
246,CIHR,org_employee_avg_age
247,CNEDA,org_employee_avg_age
248,CPAC,org_employee_avg_age
249,CPCC,org_employee_avg_age
250,CRTC,org_employee_avg_age
251,CSA,org_employee_avg_age
252,CSC,org_employee_avg_age
253,CSEC,org_employee_avg_age
254,CTA,org_employee_avg_age
255,CTAIB,org_employee_avg_age
256,EA,org_employee_avg_age
257,EC,org_employee_avg_age
258,ERC,org_employee_avg_age
259,FCAC,org_employee_avg_age
260,FEDSO,org_employee_avg_age
261,FIN,org_employee_avg_age
262,FJA,org_employee_avg_age
263,FO,org_employee_avg_age
264,FORDQ,org_employee_avg_age
265,FTRAC,org_employee_avg_age
266,GG,org_employee_avg_age
267,GSC,org_employee_avg_age
268,H,org_employee_avg_age
269,HRSD,org_employee_avg_age
270,IJC,org_employee_avg_age
271,INAC,org_employee_avg_age
272,IOG,org_employee_avg_age
273,IPC,org_employee_avg_age
274,IRB,org_employee_avg_age
275,ISC,org_employee_avg_age
276,JJJ,org_employee_avg_age
277,JUS,org_employee_avg_age
278,LAC,org_employee_avg_age
279,MPCC,org_employee_avg_age
280,ND,org_employee_avg_age
281,NEB,org_employee_avg_age
282,NFB,org_employee_avg_age
283,NPB,org_employee_avg_age
284,NR,org_employee_avg_age
285,NRC,org_employee_avg_age
286,NSERC,org_employee_avg_age
287,OAG,org_employee_avg_age
288,OCI,org_employee_avg_age
289,OCOL,org_employee_avg_age
290,ODPP,org_employee_avg_age
291,OICC,org_employee_avg_age
292,OPSIC,org_employee_avg_age
293,ORL,org_employee_avg_age
294,OSFI,org_employee_avg_age
295,PCA,org_employee_avg_age
296,PCC,org_employee_avg_age
297,PCO,org_employee_avg_age
298,PHAC,org_employee_avg_age
299,PMPRB,org_employee_avg_age
300,PSC,org_employee_avg_age
301,PSEP,org_employee_avg_age
302,RCMP,org_employee_avg_age
303,SC,org_employee_avg_age
304,SCC,org_employee_avg_age
305,SHARE,org_employee_avg_age
306,SIRC,org_employee_avg_age
307,SSHRC,org_employee_avg_age
308,SWC,org_employee_avg_age
309,TBC,org_employee_avg_age
310,TC,org_employee_avg_age
311,TRC,org_employee_avg_age
312,VAC,org_employee_avg_age
313,VRAB,org_employee_avg_age
314,WDO,org_employee_avg_age
315,ZGOC,org_employee_avg_age
316,ACOA,org_employee_ex_lvl
317,AECB,org_employee_ex_lvl
318,AGR,org_employee_ex_lvl
319,ATSSC,org_employee_ex_lvl
320,CAS,org_employee_ex_lvl
321,CB,org_employee_ex_lvl
322,CBSA,org_employee_ex_lvl
323,CCMD,org_employee_ex_lvl
324,CCRA,org_employee_ex_lvl
325,CDC,org_employee_ex_lvl
326,CEAA,org_employee_ex_lvl
327,CEO,org_employee_ex_lvl
328,CFGB,org_employee_ex_lvl
329,CFIA,org_employee_ex_lvl
330,CGC,org_employee_ex_lvl
331,CH,org_employee_ex_lvl
332,CHRC,org_employee_ex_lvl
333,CI,org_employee_ex_lvl
334,CICS,org_employee_ex_lvl
335,CIHR,org_employee_ex_lvl
336,CNEDA,org_employee_ex_lvl
337,CPAC,org_employee_ex_lvl
338,CPCC,org_employee_ex_lvl
339,CRTC,org_employee_ex_lvl
340,CSA,org_employee_ex_lvl
341,CSC,org_employee_ex_lvl
342,CSEC,org_employee_ex_lvl
343,CTA,org_employee_ex_lvl
344,CTAIB,org_employee_ex_lvl
345,EA,org_employee_ex_lvl
346,EC,org_employee_ex_lvl
347,ERC,org_employee_ex_lvl
348,FCAC,org_employee_ex_lvl
349,FEDSO,org_employee_ex_lvl
350,FIN,org_employee_ex_lvl
351,FJA,org_employee_ex_lvl
352,FO,org_employee_ex_lvl
353,FORDQ,org_employee_ex_lvl
354,FTRAC,org_employee_ex_lvl
355,GG,org_employee_ex_lvl
356,GSC,org_employee_ex_lvl
357,H,org_employee_ex_lvl
358,HRSD,org_employee_ex_lvl
359,IJC,org_employee_ex_lvl
360,INAC,org_employee_ex_lvl
361,IOG,org_employee_ex_lvl
362,IPC,org_employee_ex_lvl
363,IRB,org_employee_ex_lvl
364,ISC,org_employee_ex_lvl
365,JJJ,org_employee_ex_lvl
366,JUS,org_employee_ex_lvl
367,LAC,org_employee_ex_lvl
368,MPCC,org_employee_ex_lvl
369,ND,org_employee_ex_lvl
370,NEB,org_employee_ex_lvl
371,NFB,org_employee_ex_lvl
372,NPB,org_employee_ex_lvl
373,NR,org_employee_ex_lvl
374,NRC,org_employee_ex_lvl
375,NSERC,org_employee_ex_lvl
376,OAG,org_employee_ex_lvl
377,OCI,org_employee_ex_lvl
378,OCOL,org_employee_ex_lvl
379,ODPP,org_employee_ex_lvl
380,OICC,org_employee_ex_lvl
381,OPSIC,org_employee_ex_lvl
382,ORL,org_employee_ex_lvl
383,OSFI,org_employee_ex_lvl
384,PCA,org_employee_ex_lvl
385,PCC,org_employee_ex_lvl
386,PCO,org_employee_ex_lvl
387,PHAC,org_employee_ex_lvl
388,PMPRB,org_employee_ex_lvl
389,PSC,org_employee_ex_lvl
390,PSEP,org_employee_ex_lvl
391,RCMP,org_employee_ex_lvl
392,SC,org_employee_ex_lvl
393,SCC,org_employee_ex_lvl
394,SHARE,org_employee_ex_lvl
395,SIRC,org_employee_ex_lvl
396,SSHRC,org_employee_ex_lvl
397,SWC,org_employee_ex_lvl
398,TBC,org_employee_ex_lvl
399,TC,org_employee_ex_lvl
400,TRC,org_employee_ex_lvl
401,VAC,org_employee_ex_lvl
402,VRAB,org_employee_ex_lvl
403,WDO,org_employee_ex_lvl
404,ZGOC,org_employee_ex_lvl
405,ACOA,org_employee_fol
406,AECB,org_employee_fol
407,AGR,org_employee_fol
408,ATSSC,org_employee_fol
409,CAS,org_employee_fol
410,CB,org_employee_fol
411,CBSA,org_employee_fol
412,CCMD,org_employee_fol
413,CCRA,org_employee_fol
414,CDC,org_employee_fol
415,CEAA,org_employee_fol
416,CEO,org_employee_fol
417,CFGB,org_employee_fol
418,CFIA,org_employee_fol
419,CGC,org_employee_fol
420,CH,org_employee_fol
421,CHRC,org_employee_fol
422,CI,org_employee_fol
423,CICS,org_employee_fol
424,CIHR,org_employee_fol
425,CNEDA,org_employee_fol
426,CPAC,org_employee_fol
427,CPCC,org_employee_fol
428,CRTC,org_employee_fol
429,CSA,org_employee_fol
430,CSC,org_employee_fol
431,CSEC,org_employee_fol
432,CTA,org_employee_fol
433,CTAIB,org_employee_fol
434,EA,org_employee_fol
435,EC,org_employee_fol
436,ERC,org_employee_fol
437,FCAC,org_employee_fol
438,FEDSO,org_employee_fol
439,FIN,org_employee_fol
440,FJA,org_employee_fol
441,FO,org_employee_fol
442,FORDQ,org_employee_fol
443,FTRAC,org_employee_fol
444,GG,org_employee_fol
445,GSC,org_employee_fol
446,H,org_employee_fol
447,HRSD,org_employee_fol
448,IJC,org_employee_fol
449,INAC,org_employee_fol
450,IOG,org_employee_fol
451,IPC,org_employee_fol
452,IRB,org_employee_fol
453,ISC,org_employee_fol
454,JJJ,org_employee_fol
455,JUS,org_employee_fol
456,LAC,org_employee_fol
457,MPCC,org_employee_fol
458,ND,org_employee_fol
459,NEB,org_employee_fol
460,NFB,org_employee_fol
461,NPB,org_employee_fol
462,NR,org_employee_fol
463,NRC,org_employee_fol
464,NSERC,org_employee_fol
465,OAG,org_employee_fol
466,OCI,org_employee_fol
467,OCOL,org_employee_fol
468,ODPP,org_employee_fol
469,OICC,org_employee_fol
470,OPSIC,org_employee_fol
471,ORL,org_employee_fol
472,OSFI,org_employee_fol
473,PCA,org_employee_fol
474,PCC,org_employee_fol
475,PCO,org_employee_fol
476,PHAC,org_employee_fol
477,PMPRB,org_employee_fol
478,PSC,org_employee_fol
479,PSEP,org_employee_fol
480,RCMP,org_employee_fol
481,SC,org_employee_fol
482,SCC,org_employee_fol
483,SHARE,org_employee_fol
484,SIRC,org_employee_fol
485,SSHRC,org_employee_fol
486,SWC,org_employee_fol
487,TBC,org_employee_fol
488,TC,org_employee_fol
489,TRC,org_employee_fol
490,VAC,org_employee_fol
491,VRAB,org_employee_fol
492,WDO,org_employee_fol
493,ZGOC,org_employee_fol
494,ACOA,org_employee_gender
495,AECB,org_employee_gender
496,AGR,org_employee_gender
497,ATSSC,org_employee_gender
498,CAS,org_employee_gender
499,CB,org_employee_gender
500,CBSA,org_employee_gender
501,CCMD,org_employee_gender
502,CCRA,org_employee_gender
503,CDC,org_employee_gender
504,CEAA,org_employee_gender
505,CEO,org_employee_gender
506,CFGB,org_employee_gender
507,CFIA,org_employee_gender
508,CGC,org_employee_gender
509,CH,org_employee_gender
510,CHRC,org_employee_gender
511,CI,org_employee_gender
512,CICS,org_employee_gender
513,CIHR,org_employee_gender
514,CNEDA,org_employee_gender
515,CPAC,org_employee_gender
516,CPCC,org_employee_gender
517,CRTC,org_employee_gender
518,CSA,org_employee_gender
519,CSC,org_employee_gender
520,CSEC,org_employee_gender
521,CTA,org_employee_gender
522,CTAIB,org_employee_gender
523,EA,org_employee_gender
524,EC,org_employee_gender
525,ERC,org_employee_gender
526,FCAC,org_employee_gender
527,FEDSO,org_employee_gender
528,FIN,org_employee_gender
529,FJA,org_employee_gender
530,FO,org_employee_gender
531,FORDQ,org_employee_gender
532,FTRAC,org_employee_gender
533,GG,org_employee_gender
534,GSC,org_employee_gender
535,H,org_employee_gender
536,HRSD,org_employee_gender
537,IJC,org_employee_gender
538,INAC,org_employee_gender
539,IOG,org_employee_gender
540,IPC,org_employee_gender
541,IRB,org_employee_gender
542,ISC,org_employee_gender
543,JJJ,org_employee_gender
544,JUS,org_employee_gender
545,LAC,org_employee_gender
546,MPCC,org_employee_gender
547,ND,org_employee_gender
548,NEB,org_employee_gender
549,NFB,org_employee_gender
550,NPB,org_employee_gender
551,NR,org_employee_gender
552,NRC,org_employee_gender
553,NSERC,org_employee_gender
554,OAG,org_employee_gender
555,OCI,org_employee_gender
556,OCOL,org_employee_gender
557,ODPP,org_employee_gender
558,OICC,org_employee_gender
559,OPSIC,org_employee_gender
560,ORL,org_employee_gender
561,OSFI,org_employee_gender
562,PCA,org_employee_gender
563,PCC,org_employee_gender
564,PCO,org_employee_gender
565,PHAC,org_employee_gender
566,PMPRB,org_employee_gender
567,PSC,org_employee_gender
568,PSEP,org_employee_gender
569,RCMP,org_employee_gender
570,SC,org_employee_gender
571,SCC,org_employee_gender
572,SHARE,org_employee_gender
573,SIRC,org_employee_gender
574,SSHRC,org_employee_gender
575,SWC,org_employee_gender
576,TBC,org_employee_gender
577,TC,org_employee_gender
578,TRC,org_employee_gender
579,VAC,org_employee_gender
580,VRAB,org_employee_gender
581,WDO,org_employee_gender
582,ZGOC,org_employee_gender
583,ACOA,org_employee_region
584,AECB,org_employee_region
585,AGR,org_employee_region
586,ATSSC,org_employee_region
587,CAS,org_employee_region
588,CB,org_employee_region
589,CBSA,org_employee_region
590,CCMD,org_employee_region
591,CCRA,org_employee_region
592,CDC,org_employee_region
593,CEAA,org_employee_region
594,CEO,org_employee_region
595,CFGB,org_employee_region
596,CFIA,org_employee_region
597,CGC,org_employee_region
598,CH,org_employee_region
599,CHRC,org_employee_region
600,CI,org_employee_region
601,CICS,org_employee_region
602,CIHR,org_employee_region
603,CNEDA,org_employee_region
604,CPAC,org_employee_region
605,CPCC,org_employee_region
606,CRTC,org_employee_region
607,CSA,org_employee_region
608,CSC,org_employee_region
609,CSEC,org_employee_region
610,CTA,org_employee_region
611,CTAIB,org_employee_region
612,EA,org_employee_region
613,EC,org_employee_region
614,ERC,org_employee_region
615,FCAC,org_employee_region
616,FEDSO,org_employee_region
617,FIN,org_employee_region
618,FJA,org_employee_region
619,FO,org_employee_region
620,FORDQ,org_employee_region
621,FTRAC,org_employee_region
622,GG,org_employee_region
623,GSC,org_employee_region
624,H,org_employee_region
625,HRSD,org_employee_region
626,IJC,org_employee_region
627,INAC,org_employee_region
628,IOG,org_employee_region
629,IPC,org_employee_region
630,IRB,org_employee_region
631,ISC,org_employee_region
632,JJJ,org_employee_region
633,JUS,org_employee_region
634,LAC,org_employee_region
635,MPCC,org_employee_region
636,ND,org_employee_region
637,NEB,org_employee_region
638,NFB,org_employee_region
639,NPB,org_employee_region
640,NR,org_employee_region
641,NRC,org_employee_region
642,NSERC,org_employee_region
643,OAG,org_employee_region
644,OCI,org_employee_region
645,OCOL,org_employee_region
646,ODPP,org_employee_region
647,OICC,org_employee_region
648,OPSIC,org_employee_region
649,ORL,org_employee_region
650,OSFI,org_employee_region
651,PCA,org_employee_region
652,PCC,org_employee_region
653,PCO,org_employee_region
654,PHAC,org_employee_region
655,PMPRB,org_employee_region
656,PSC,org_employee_region
657,PSEP,org_employee_region
658,RCMP,org_employee_region
659,SC,org_employee_region
660,SCC,org_employee_region
661,SHARE,org_employee_region
662,SIRC,org_employee_region
663,SSHRC,org_employee_region
664,SWC,org_employee_region
665,TBC,org_employee_region
666,TC,org_employee_region
667,TRC,org_employee_region
668,VAC,org_employee_region
669,VRAB,org_employee_region
670,WDO,org_employee_region
671,ZGOC,org_employee_region
672,ACOA,org_employee_type
673,AECB,org_employee_type
674,AGR,org_employee_type
675,ATSSC,org_employee_type
676,CAS,org_employee_type
677,CB,org_employee_type
678,CBSA,org_employee_type
679,CCMD,org_employee_type
680,CCRA,org_employee_type
681,CDC,org_employee_type
682,CEAA,org_employee_type
683,CEO,org_employee_type
684,CFGB,org_employee_type
685,CFIA,org_employee_type
686,CGC,org_employee_type
687,CH,org_employee_type
688,CHRC,org_employee_type
689,CI,org_employee_type
690,CICS,org_employee_type
691,CIHR,org_employee_type
692,CNEDA,org_employee_type
693,CPAC,org_employee_type
694,CPCC,org_employee_type
695,CRTC,org_employee_type
696,CSA,org_employee_type
697,CSC,org_employee_type
698,CSEC,org_employee_type
699,CTA,org_employee_type
700,CTAIB,org_employee_type
701,EA,org_employee_type
702,EC,org_employee_type
703,ERC,org_employee_type
704,FCAC,org_employee_type
705,FEDSO,org_employee_type
706,FIN,org_employee_type
707,FJA,org_employee_type
708,FO,org_employee_type
709,FORDQ,org_employee_type
710,FTRAC,org_employee_type
711,GG,org_employee_type
712,GSC,org_employee_type
713,H,org_employee_type
714,HRSD,org_employee_type
715,IJC,org_employee_type
716,INAC,org_employee_type
717,IOG,org_employee_type
718,IPC,org_employee_type
719,IRB,org_employee_type
720,ISC,org_employee_type
721,JJJ,org_employee_type
722,JUS,org_employee_type
723,LAC,org_employee_type
724,MPCC,org_employee_type
725,ND,org_employee_type
726,NEB,org_employee_type
727,NFB,org_employee_type
728,NPB,org_employee_type
729,NR,org_employee_type
730,NRC,org_employee_type
731,NSERC,org_employee_type
732,OAG,org_employee_type
733,OCI,org_employee_type
734,OCOL,org_employee_type
735,ODPP,org_employee_type
736,OICC,org_employee_type
737,OPSIC,org_employee_type
738,ORL,org_employee_type
739,OSFI,org_employee_type
740,PCA,org_employee_type
741,PCC,org_employee_type
742,PCO,org_employee_type
743,PHAC,org_employee_type
744,PMPRB,org_employee_type
745,PSC,org_employee_type
746,PSEP,org_employee_type
747,RCMP,org_employee_type
748,SC,org_employee_type
749,SCC,org_employee_type
750,SHARE,org_employee_type
751,SIRC,org_employee_type
752,SSHRC,org_employee_type
753,SWC,org_employee_type
754,TBC,org_employee_type
755,TC,org_employee_type
756,TRC,org_employee_type
757,VAC,org_employee_type
758,VRAB,org_employee_type
759,WDO,org_employee_type
760,ZGOC,org_employee_type
761,ACOA,org_sobjs
762,AECB,org_sobjs
763,AECL,org_sobjs
764,AGR,org_sobjs
765,ATSSC,org_sobjs
766,CAS,org_sobjs
767,CAT,org_sobjs
768,CATSA,org_sobjs
769,CB,org_sobjs
770,CBC,org_sobjs
771,CBSA,org_sobjs
772,CC,org_sobjs
773,CCC,org_sobjs
774,CCMD,org_sobjs
775,CCOHS,org_sobjs
776,CCRA,org_sobjs
777,CDC,org_sobjs
778,CEAA,org_sobjs
779,CEO,org_sobjs
780,CFDC,org_sobjs
781,CFGB,org_sobjs
782,CFIA,org_sobjs
783,CGC,org_sobjs
784,CH,org_sobjs
785,CHRC,org_sobjs
786,CHRT,org_sobjs
787,CI,org_sobjs
788,CICS,org_sobjs
789,CIHR,org_sobjs
790,CIRB,org_sobjs
791,CITT,org_sobjs
792,CMC,org_sobjs
793,CMHC,org_sobjs
794,CMHR,org_sobjs
795,CMI,org_sobjs
796,CMN,org_sobjs
797,CNEDA,org_sobjs
798,CNMI,org_sobjs
799,CPC,org_sobjs
800,CPCC,org_sobjs
801,CRTC,org_sobjs
802,CSA,org_sobjs
803,CSC,org_sobjs
804,CSEC,org_sobjs
805,CSIS,org_sobjs
806,CT,org_sobjs
807,CTA,org_sobjs
808,CTAIB,org_sobjs
809,EA,org_sobjs
810,EC,org_sobjs
811,ECBC,org_sobjs
812,EDC,org_sobjs
813,ERC,org_sobjs
814,FBCL,org_sobjs
815,FCAC,org_sobjs
816,FEDSO,org_sobjs
817,FIN,org_sobjs
818,FJA,org_sobjs
819,FO,org_sobjs
820,FORDQ,org_sobjs
821,FTRAC,org_sobjs
822,GG,org_sobjs
823,GSC,org_sobjs
824,H,org_sobjs
825,HC,org_sobjs
826,HRSD,org_sobjs
827,IDRC,org_sobjs
828,IJC,org_sobjs
829,INAC,org_sobjs
830,INDSC,org_sobjs
831,INVIC,org_sobjs
832,IPC,org_sobjs
833,IRB,org_sobjs
834,ISC,org_sobjs
835,JCCB,org_sobjs
836,JUS,org_sobjs
837,LAC,org_sobjs
838,LDC,org_sobjs
839,LP,org_sobjs
840,MPCC,org_sobjs
841,NAC,org_sobjs
842,NBC,org_sobjs
843,NCC,org_sobjs
844,ND,org_sobjs
845,NEB,org_sobjs
846,NFB,org_sobjs
847,NGC,org_sobjs
848,NMST,org_sobjs
849,NPA,org_sobjs
850,NPB,org_sobjs
851,NR,org_sobjs
852,NRC,org_sobjs
853,NSERC,org_sobjs
854,NSICP,org_sobjs
855,OAG,org_sobjs
856,OCI,org_sobjs
857,OCOL,org_sobjs
858,OCSEC,org_sobjs
859,ODPP,org_sobjs
860,OEC,org_sobjs
861,OICC,org_sobjs
862,OPSIC,org_sobjs
863,ORL,org_sobjs
864,OSEO,org_sobjs
865,OSFI,org_sobjs
866,PBO,org_sobjs
867,PCA,org_sobjs
868,PCC,org_sobjs
869,PCO,org_sobjs
870,PHAC,org_sobjs
871,PMPRB,org_sobjs
872,PPP,org_sobjs
873,PPS,org_sobjs
874,PSC,org_sobjs
875,PSEP,org_sobjs
876,PSSRB,org_sobjs
877,PSST,org_sobjs
878,RCMP,org_sobjs
879,RPSDP,org_sobjs
880,RSCT,org_sobjs
881,SC,org_sobjs
882,SCA,org_sobjs
883,SCC,org_sobjs
884,SEN,org_sobjs
885,SHARE,org_sobjs
886,SIRC,org_sobjs
887,SSHRC,org_sobjs
888,SWC,org_sobjs
889,TBC,org_sobjs
890,TC,org_sobjs
891,TOUR,org_sobjs
892,TRC,org_sobjs
893,VAC,org_sobjs
894,VIA,org_sobjs
895,VRAB,org_sobjs
896,WDBA,org_sobjs
897,WDO,org_sobjs
898,ACOA,org_transfer_payments
899,AECB,org_transfer_payments
900,AGR,org_transfer_payments
901,CCRA,org_transfer_payments
902,CEAA,org_transfer_payments
903,CEO,org_transfer_payments
904,CFIA,org_transfer_payments
905,CH,org_transfer_payments
906,CI,org_transfer_payments
907,CIHR,org_transfer_payments
908,CNEDA,org_transfer_payments
909,CPCC,org_transfer_payments
910,CSA,org_transfer_payments
911,CSC,org_transfer_payments
912,EA,org_transfer_payments
913,EC,org_transfer_payments
914,FEDSO,org_transfer_payments
915,FIN,org_transfer_payments
916,FO,org_transfer_payments
917,FORDQ,org_transfer_payments
918,GG,org_transfer_payments
919,GSC,org_transfer_payments
920,H,org_transfer_payments
921,HC,org_transfer_payments
922,HRSD,org_transfer_payments
923,INAC,org_transfer_payments
924,INDSC,org_transfer_payments
925,IPC,org_transfer_payments
926,ISC,org_transfer_payments
927,JUS,org_transfer_payments
928,LAC,org_transfer_payments
929,ND,org_transfer_payments
930,NEB,org_transfer_payments
931,NFB,org_transfer_payments
932,NPA,org_transfer_payments
933,NR,org_transfer_payments
934,NRC,org_transfer_payments
935,NSERC,org_transfer_payments
936,OICC,org_transfer_payments
937,OPSIC,org_transfer_payments
938,PCA,org_transfer_payments
939,PCO,org_transfer_payments
940,PHAC,org_transfer_payments
941,PSEP,org_transfer_payments
942,RCMP,org_transfer_payments
943,SC,org_transfer_payments
944,SEN,org_transfer_payments
945,SSHRC,org_transfer_payments
946,SWC,org_transfer_payments
947,TBC,org_transfer_payments
948,TC,org_transfer_payments
949,VAC,org_transfer_payments
950,WDO,org_transfer_payments
951,ACOA,org_vote_stat_estimates
952,AECB,org_vote_stat_estimates
953,AECL,org_vote_stat_estimates
954,AGR,org_vote_stat_estimates
955,ATSSC,org_vote_stat_estimates
956,CAS,org_vote_stat_estimates
957,CASDO,org_vote_stat_estimates
958,CATSA,org_vote_stat_estimates
959,CB,org_vote_stat_estimates
960,CBC,org_vote_stat_estimates
961,CBSA,org_vote_stat_estimates
962,CC,org_vote_stat_estimates
963,CCC,org_vote_stat_estimates
964,CCMD,org_vote_stat_estimates
965,CCOHS,org_vote_stat_estimates
966,CCRA,org_vote_stat_estimates
967,CDC,org_vote_stat_estimates
968,CEAA,org_vote_stat_estimates
969,CEO,org_vote_stat_estimates
970,CFDC,org_vote_stat_estimates
971,CFGB,org_vote_stat_estimates
972,CFIA,org_vote_stat_estimates
973,CGC,org_vote_stat_estimates
974,CH,org_vote_stat_estimates
975,CHRC,org_vote_stat_estimates
976,CI,org_vote_stat_estimates
977,CICS,org_vote_stat_estimates
978,CIHR,org_vote_stat_estimates
979,CMC,org_vote_stat_estimates
980,CMHC,org_vote_stat_estimates
981,CMHR,org_vote_stat_estimates
982,CMI,org_vote_stat_estimates
983,CMN,org_vote_stat_estimates
984,CNEDA,org_vote_stat_estimates
985,CNMI,org_vote_stat_estimates
986,CPC,org_vote_stat_estimates
987,CPCC,org_vote_stat_estimates
988,CRTC,org_vote_stat_estimates
989,CSA,org_vote_stat_estimates
990,CSC,org_vote_stat_estimates
991,CSEC,org_vote_stat_estimates
992,CSIS,org_vote_stat_estimates
993,CTA,org_vote_stat_estimates
994,CTAIB,org_vote_stat_estimates
995,EA,org_vote_stat_estimates
996,EC,org_vote_stat_estimates
997,EDC,org_vote_stat_estimates
998,ERC,org_vote_stat_estimates
999,FBCL,org_vote_stat_estimates
1000,FCAC,org_vote_stat_estimates
1001,FEDSO,org_vote_stat_estimates
1002,FIN,org_vote_stat_estimates
1003,FJA,org_vote_stat_estimates
1004,FO,org_vote_stat_estimates
1005,FORDQ,org_vote_stat_estimates
1006,FTRAC,org_vote_stat_estimates
1007,GG,org_vote_stat_estimates
1008,GSC,org_vote_stat_estimates
1009,H,org_vote_stat_estimates
1010,HC,org_vote_stat_estimates
1011,HRSD,org_vote_stat_estimates
1012,IDRC,org_vote_stat_estimates
1013,IJC,org_vote_stat_estimates
1014,INAC,org_vote_stat_estimates
1015,INDSC,org_vote_stat_estimates
1016,INVIC,org_vote_stat_estimates
1017,IPC,org_vote_stat_estimates
1018,IRB,org_vote_stat_estimates
1019,ISC,org_vote_stat_estimates
1020,JCCB,org_vote_stat_estimates
1021,JUS,org_vote_stat_estimates
1022,LAC,org_vote_stat_estimates
1023,LDC,org_vote_stat_estimates
1024,LP,org_vote_stat_estimates
1025,MPCC,org_vote_stat_estimates
1026,NAC,org_vote_stat_estimates
1027,NBC,org_vote_stat_estimates
1028,NCC,org_vote_stat_estimates
1029,ND,org_vote_stat_estimates
1030,NEB,org_vote_stat_estimates
1031,NFB,org_vote_stat_estimates
1032,NGC,org_vote_stat_estimates
1033,NMST,org_vote_stat_estimates
1034,NPA,org_vote_stat_estimates
1035,NPB,org_vote_stat_estimates
1036,NR,org_vote_stat_estimates
1037,NRC,org_vote_stat_estimates
1038,NSERC,org_vote_stat_estimates
1039,NSICP,org_vote_stat_estimates
1040,OAG,org_vote_stat_estimates
1041,OCI,org_vote_stat_estimates
1042,OCOL,org_vote_stat_estimates
1043,OCSEC,org_vote_stat_estimates
1044,ODPP,org_vote_stat_estimates
1045,OEC,org_vote_stat_estimates
1046,OICC,org_vote_stat_estimates
1047,OPSIC,org_vote_stat_estimates
1048,ORL,org_vote_stat_estimates
1049,OSEO,org_vote_stat_estimates
1050,OSFI,org_vote_stat_estimates
1051,PBO,org_vote_stat_estimates
1052,PCA,org_vote_stat_estimates
1053,PCC,org_vote_stat_estimates
1054,PCO,org_vote_stat_estimates
1055,PHAC,org_vote_stat_estimates
1056,PMPRB,org_vote_stat_estimates
1057,PPP,org_vote_stat_estimates
1058,PPS,org_vote_stat_estimates
1059,PSC,org_vote_stat_estimates
1060,PSEP,org_vote_stat_estimates
1061,RCMP,org_vote_stat_estimates
1062,SC,org_vote_stat_estimates
1063,SCA,org_vote_stat_estimates
1064,SCC,org_vote_stat_estimates
1065,SEN,org_vote_stat_estimates
1066,SHARE,org_vote_stat_estimates
1067,SIRC,org_vote_stat_estimates
1068,SSHRC,org_vote_stat_estimates
1069,SWC,org_vote_stat_estimates
1070,TBC,org_vote_stat_estimates
1071,TC,org_vote_stat_estimates
1072,TOUR,org_vote_stat_estimates
1073,VAC,org_vote_stat_estimates
1074,VIA,org_vote_stat_estimates
1075,VRAB,org_vote_stat_estimates
1076,WDBA,org_vote_stat_estimates
1077,WDO,org_vote_stat_estimates
1078,ACOA,org_vote_stat_pa
1079,AECB,org_vote_stat_pa
1080,AECL,org_vote_stat_pa
1081,AGR,org_vote_stat_pa
1082,ATSSC,org_vote_stat_pa
1083,CAS,org_vote_stat_pa
1084,CAT,org_vote_stat_pa
1085,CATSA,org_vote_stat_pa
1086,CB,org_vote_stat_pa
1087,CBC,org_vote_stat_pa
1088,CBSA,org_vote_stat_pa
1089,CC,org_vote_stat_pa
1090,CCC,org_vote_stat_pa
1091,CCMD,org_vote_stat_pa
1092,CCOHS,org_vote_stat_pa
1093,CCRA,org_vote_stat_pa
1094,CDC,org_vote_stat_pa
1095,CEAA,org_vote_stat_pa
1096,CEO,org_vote_stat_pa
1097,CFDC,org_vote_stat_pa
1098,CFGB,org_vote_stat_pa
1099,CFIA,org_vote_stat_pa
1100,CGC,org_vote_stat_pa
1101,CH,org_vote_stat_pa
1102,CHRC,org_vote_stat_pa
1103,CHRT,org_vote_stat_pa
1104,CI,org_vote_stat_pa
1105,CICS,org_vote_stat_pa
1106,CIHR,org_vote_stat_pa
1107,CIRB,org_vote_stat_pa
1108,CITT,org_vote_stat_pa
1109,CMC,org_vote_stat_pa
1110,CMHC,org_vote_stat_pa
1111,CMHR,org_vote_stat_pa
1112,CMI,org_vote_stat_pa
1113,CMN,org_vote_stat_pa
1114,CNEDA,org_vote_stat_pa
1115,CNMI,org_vote_stat_pa
1116,CPC,org_vote_stat_pa
1117,CPCC,org_vote_stat_pa
1118,CRTC,org_vote_stat_pa
1119,CSA,org_vote_stat_pa
1120,CSC,org_vote_stat_pa
1121,CSEC,org_vote_stat_pa
1122,CSIS,org_vote_stat_pa
1123,CT,org_vote_stat_pa
1124,CTA,org_vote_stat_pa
1125,CTAIB,org_vote_stat_pa
1126,EA,org_vote_stat_pa
1127,EC,org_vote_stat_pa
1128,ECBC,org_vote_stat_pa
1129,EDC,org_vote_stat_pa
1130,ERC,org_vote_stat_pa
1131,FBCL,org_vote_stat_pa
1132,FCAC,org_vote_stat_pa
1133,FEDSO,org_vote_stat_pa
1134,FIN,org_vote_stat_pa
1135,FJA,org_vote_stat_pa
1136,FO,org_vote_stat_pa
1137,FORDQ,org_vote_stat_pa
1138,FTRAC,org_vote_stat_pa
1139,GG,org_vote_stat_pa
1140,GSC,org_vote_stat_pa
1141,H,org_vote_stat_pa
1142,HC,org_vote_stat_pa
1143,HRSD,org_vote_stat_pa
1144,IDRC,org_vote_stat_pa
1145,IJC,org_vote_stat_pa
1146,INAC,org_vote_stat_pa
1147,INDSC,org_vote_stat_pa
1148,INVIC,org_vote_stat_pa
1149,IPC,org_vote_stat_pa
1150,IRB,org_vote_stat_pa
1151,ISC,org_vote_stat_pa
1152,JCCB,org_vote_stat_pa
1153,JUS,org_vote_stat_pa
1154,LAC,org_vote_stat_pa
1155,LDC,org_vote_stat_pa
1156,LP,org_vote_stat_pa
1157,MPCC,org_vote_stat_pa
1158,NAC,org_vote_stat_pa
1159,NBC,org_vote_stat_pa
1160,NCC,org_vote_stat_pa
1161,ND,org_vote_stat_pa
1162,NEB,org_vote_stat_pa
1163,NFB,org_vote_stat_pa
1164,NGC,org_vote_stat_pa
1165,NMST,org_vote_stat_pa
1166,NPA,org_vote_stat_pa
1167,NPB,org_vote_stat_pa
1168,NR,org_vote_stat_pa
1169,NRC,org_vote_stat_pa
1170,NSERC,org_vote_stat_pa
1171,NSICP,org_vote_stat_pa
1172,OAG,org_vote_stat_pa
1173,OCI,org_vote_stat_pa
1174,OCOL,org_vote_stat_pa
1175,OCSEC,org_vote_stat_pa
1176,ODPP,org_vote_stat_pa
1177,OEC,org_vote_stat_pa
1178,OICC,org_vote_stat_pa
1179,OPSIC,org_vote_stat_pa
1180,ORL,org_vote_stat_pa
1181,OSEO,org_vote_stat_pa
1182,OSFI,org_vote_stat_pa
1183,PBO,org_vote_stat_pa
1184,PCA,org_vote_stat_pa
1185,PCC,org_vote_stat_pa
1186,PCO,org_vote_stat_pa
1187,PHAC,org_vote_stat_pa
1188,PMPRB,org_vote_stat_pa
1189,PPP,org_vote_stat_pa
1190,PPS,org_vote_stat_pa
1191,PSC,org_vote_stat_pa
1192,PSEP,org_vote_stat_pa
1193,PSSRB,org_vote_stat_pa
1194,PSST,org_vote_stat_pa
1195,RCMP,org_vote_stat_pa
1196,RPSDP,org_vote_stat_pa
1197,RSCT,org_vote_stat_pa
1198,SC,org_vote_stat_pa
1199,SCA,org_vote_stat_pa
1200,SCC,org_vote_stat_pa
1201,SEN,org_vote_stat_pa
1202,SHARE,org_vote_stat_pa
1203,SIRC,org_vote_stat_pa
1204,SSHRC,org_vote_stat_pa
1205,SWC,org_vote_stat_pa
1206,TBC,org_vote_stat_pa
1207,TC,org_vote_stat_pa
1208,TOUR,org_vote_stat_pa
1209,TRC,org_vote_stat_pa
1210,VAC,org_vote_stat_pa
1211,VIA,org_vote_stat_pa
1212,VRAB,org_vote_stat_pa
1213,WDBA,org_vote_stat_pa
1214,WDO,org_vote_stat_pa
1215,ACOA,program_ftes
1216,AECB,program_ftes
1217,AGR,program_ftes
1218,ATSSC,program_ftes
1219,CAS,program_ftes
1220,CASDO,program_ftes
1221,CAT,program_ftes
1222,CB,program_ftes
1223,CBSA,program_ftes
1224,CCMD,program_ftes
1225,CCOHS,program_ftes
1226,CCRA,program_ftes
1227,CEAA,program_ftes
1228,CEO,program_ftes
1229,CFGB,program_ftes
1230,CFIA,program_ftes
1231,CGC,program_ftes
1232,CH,program_ftes
1233,CHRC,program_ftes
1234,CHRT,program_ftes
1235,CI,program_ftes
1236,CICS,program_ftes
1237,CIHR,program_ftes
1238,CIRB,program_ftes
1239,CITT,program_ftes
1240,CNEDA,program_ftes
1241,CPCC,program_ftes
1242,CRTC,program_ftes
1243,CSA,program_ftes
1244,CSC,program_ftes
1245,CT,program_ftes
1246,CTA,program_ftes
1247,CTAIB,program_ftes
1248,EA,program_ftes
1249,EC,program_ftes
1250,ERC,program_ftes
1251,FCAC,program_ftes
1252,FEDSO,program_ftes
1253,FIN,program_ftes
1254,FJA,program_ftes
1255,FO,program_ftes
1256,FORDQ,program_ftes
1257,FTRAC,program_ftes
1258,GSC,program_ftes
1259,H,program_ftes
1260,HRSD,program_ftes
1261,INAC,program_ftes
1262,INDSC,program_ftes
1263,INVIC,program_ftes
1264,IPC,program_ftes
1265,IRB,program_ftes
1266,ISC,program_ftes
1267,JUS,program_ftes
1268,LAC,program_ftes
1269,MPCC,program_ftes
1270,NBC,program_ftes
1271,ND,program_ftes
1272,NEB,program_ftes
1273,NFB,program_ftes
1274,NPA,program_ftes
1275,NPB,program_ftes
1276,NR,program_ftes
1277,NRC,program_ftes
1278,NSERC,program_ftes
1279,NSICP,program_ftes
1280,OAG,program_ftes
1281,OCI,program_ftes
1282,OCOL,program_ftes
1283,OCSEC,program_ftes
1284,ODPP,program_ftes
1285,OICC,program_ftes
1286,OPSIC,program_ftes
1287,ORL,program_ftes
1288,OSFI,program_ftes
1289,PCA,program_ftes
1290,PCC,program_ftes
1291,PCO,program_ftes
1292,PHAC,program_ftes
1293,PMPRB,program_ftes
1294,PSC,program_ftes
1295,PSEP,program_ftes
1296,PSSRB,program_ftes
1297,PSST,program_ftes
1298,RCMP,program_ftes
1299,RPSDP,program_ftes
1300,RSCT,program_ftes
1301,SC,program_ftes
1302,SCC,program_ftes
1303,SHARE,program_ftes
1304,SIRC,program_ftes
1305,SSHRC,program_ftes
1306,SWC,program_ftes
1307,TBC,program_ftes
1308,TC,program_ftes
1309,VAC,program_ftes
1310,VRAB,program_ftes
1311,WDO,program_ftes
1312,ACOA,program_sobjs
1313,AECB,program_sobjs
1314,AECL,program_sobjs
1315,AGR,program_sobjs
1316,ATSSC,program_sobjs
1317,CAS,program_sobjs
1318,CATSA,program_sobjs
1319,CB,program_sobjs
1320,CBC,program_sobjs
1321,CBSA,program_sobjs
1322,CC,program_sobjs
1323,CCC,program_sobjs
1324,CCMD,program_sobjs
1325,CCOHS,program_sobjs
1326,CCRA,program_sobjs
1327,CDC,program_sobjs
1328,CEAA,program_sobjs
1329,CEO,program_sobjs
1330,CFDC,program_sobjs
1331,CFGB,program_sobjs
1332,CFIA,program_sobjs
1333,CGC,program_sobjs
1334,CH,program_sobjs
1335,CHRC,program_sobjs
1336,CI,program_sobjs
1337,CICS,program_sobjs
1338,CIHR,program_sobjs
1339,CMC,program_sobjs
1340,CMHC,program_sobjs
1341,CMHR,program_sobjs
1342,CMI,program_sobjs
1343,CMN,program_sobjs
1344,CNEDA,program_sobjs
1345,CNMI,program_sobjs
1346,CPC,program_sobjs
1347,CPCC,program_sobjs
1348,CRTC,program_sobjs
1349,CSA,program_sobjs
1350,CSC,program_sobjs
1351,CTA,program_sobjs
1352,CTAIB,program_sobjs
1353,EA,program_sobjs
1354,EC,program_sobjs
1355,EDC,program_sobjs
1356,ERC,program_sobjs
1357,FBCL,program_sobjs
1358,FCAC,program_sobjs
1359,FEDSO,program_sobjs
1360,FIN,program_sobjs
1361,FJA,program_sobjs
1362,FO,program_sobjs
1363,FORDQ,program_sobjs
1364,FTRAC,program_sobjs
1365,GG,program_sobjs
1366,GSC,program_sobjs
1367,H,program_sobjs
1368,HC,program_sobjs
1369,HRSD,program_sobjs
1370,IDRC,program_sobjs
1371,IJC,program_sobjs
1372,INAC,program_sobjs
1373,INDSC,program_sobjs
1374,INVIC,program_sobjs
1375,IPC,program_sobjs
1376,IRB,program_sobjs
1377,ISC,program_sobjs
1378,JCCB,program_sobjs
1379,JUS,program_sobjs
1380,LAC,program_sobjs
1381,LDC,program_sobjs
1382,LP,program_sobjs
1383,MPCC,program_sobjs
1384,NAC,program_sobjs
1385,NBC,program_sobjs
1386,NCC,program_sobjs
1387,ND,program_sobjs
1388,NEB,program_sobjs
1389,NFB,program_sobjs
1390,NGC,program_sobjs
1391,NMST,program_sobjs
1392,NPA,program_sobjs
1393,NPB,program_sobjs
1394,NR,program_sobjs
1395,NRC,program_sobjs
1396,NSERC,program_sobjs
1397,NSICP,program_sobjs
1398,OAG,program_sobjs
1399,OCI,program_sobjs
1400,OCOL,program_sobjs
1401,OCSEC,program_sobjs
1402,ODPP,program_sobjs
1403,OEC,program_sobjs
1404,OICC,program_sobjs
1405,OPSIC,program_sobjs
1406,ORL,program_sobjs
1407,OSEO,program_sobjs
1408,OSFI,program_sobjs
1409,PBO,program_sobjs
1410,PCA,program_sobjs
1411,PCC,program_sobjs
1412,PCO,program_sobjs
1413,PHAC,program_sobjs
1414,PMPRB,program_sobjs
1415,PPP,program_sobjs
1416,PPS,program_sobjs
1417,PSC,program_sobjs
1418,PSEP,program_sobjs
1419,RCMP,program_sobjs
1420,SC,program_sobjs
1421,SCA,program_sobjs
1422,SCC,program_sobjs
1423,SEN,program_sobjs
1424,SHARE,program_sobjs
1425,SIRC,program_sobjs
1426,SSHRC,program_sobjs
1427,SWC,program_sobjs
1428,TBC,program_sobjs
1429,TC,program_sobjs
1430,TOUR,program_sobjs
1431,TRC,program_sobjs
1432,VAC,program_sobjs
1433,VIA,program_sobjs
1434,VRAB,program_sobjs
1435,WDBA,program_sobjs
1436,WDO,program_sobjs
1437,ACOA,program_spending
1438,AECB,program_spending
1439,AECL,program_spending
1440,AGR,program_spending
1441,ATSSC,program_spending
1442,CAS,program_spending
1443,CASDO,program_spending
1444,CAT,program_spending
1445,CATSA,program_spending
1446,CB,program_spending
1447,CBC,program_spending
1448,CBSA,program_spending
1449,CC,program_spending
1450,CCC,program_spending
1451,CCMD,program_spending
1452,CCOHS,program_spending
1453,CCRA,program_spending
1454,CDC,program_spending
1455,CEAA,program_spending
1456,CEO,program_spending
1457,CFDC,program_spending
1458,CFGB,program_spending
1459,CFIA,program_spending
1460,CGC,program_spending
1461,CH,program_spending
1462,CHRC,program_spending
1463,CHRT,program_spending
1464,CI,program_spending
1465,CICS,program_spending
1466,CIHR,program_spending
1467,CIRB,program_spending
1468,CITT,program_spending
1469,CMC,program_spending
1470,CMHC,program_spending
1471,CMHR,program_spending
1472,CMI,program_spending
1473,CMN,program_spending
1474,CNEDA,program_spending
1475,CNMI,program_spending
1476,CPC,program_spending
1477,CPCC,program_spending
1478,CRTC,program_spending
1479,CSA,program_spending
1480,CSC,program_spending
1481,CSEC,program_spending
1482,CSIS,program_spending
1483,CT,program_spending
1484,CTA,program_spending
1485,CTAIB,program_spending
1486,EA,program_spending
1487,EC,program_spending
1488,ECBC,program_spending
1489,EDC,program_spending
1490,ERC,program_spending
1491,FBCL,program_spending
1492,FCAC,program_spending
1493,FEDSO,program_spending
1494,FIN,program_spending
1495,FJA,program_spending
1496,FO,program_spending
1497,FORDQ,program_spending
1498,FTRAC,program_spending
1499,GG,program_spending
1500,GSC,program_spending
1501,H,program_spending
1502,HC,program_spending
1503,HRSD,program_spending
1504,IDRC,program_spending
1505,IJC,program_spending
1506,INAC,program_spending
1507,INDSC,program_spending
1508,INVIC,program_spending
1509,IPC,program_spending
1510,IRB,program_spending
1511,ISC,program_spending
1512,JCCB,program_spending
1513,JUS,program_spending
1514,LAC,program_spending
1515,LDC,program_spending
1516,LP,program_spending
1517,MPCC,program_spending
1518,NAC,program_spending
1519,NBC,program_spending
1520,NCC,program_spending
1521,ND,program_spending
1522,NEB,program_spending
1523,NFB,program_spending
1524,NGC,program_spending
1525,NMST,program_spending
1526,NPA,program_spending
1527,NPB,program_spending
1528,NR,program_spending
1529,NRC,program_spending
1530,NSERC,program_spending
1531,NSICP,program_spending
1532,OAG,program_spending
1533,OCI,program_spending
1534,OCOL,program_spending
1535,OCSEC,program_spending
1536,ODPP,program_spending
1537,OEC,program_spending
1538,OICC,program_spending
1539,OPSIC,program_spending
1540,ORL,program_spending
1541,OSEO,program_spending
1542,OSFI,program_spending
1543,PBO,program_spending
1544,PCA,program_spending
1545,PCC,program_spending
1546,PCO,program_spending
1547,PHAC,program_spending
1548,PMPRB,program_spending
1549,PPP,program_spending
1550,PPS,program_spending
1551,PSC,program_spending
1552,PSEP,program_spending
1553,PSSRB,program_spending
1554,PSST,program_spending
1555,RCMP,program_spending
1556,RPSDP,program_spending
1557,RSCT,program_spending
1558,SC,program_spending
1559,SCA,program_spending
1560,SCC,program_spending
1561,SEN,program_spending
1562,SHARE,program_spending
1563,SIRC,program_spending
1564,SSHRC,program_spending
1565,SWC,program_spending
1566,TBC,program_spending
1567,TC,program_spending
1568,TOUR,program_spending
1569,TRC,program_spending
1570,VAC,program_spending
1571,VIA,program_spending
1572,VRAB,program_spending
1573,WDBA,program_spending
1574,WDO,program_spending
1575,ACOA,program_vote_stat
1576,AECB,program_vote_stat
1577,AECL,program_vote_stat
1578,AGR,program_vote_stat
1579,ATSSC,program_vote_stat
1580,CAS,program_vote_stat
1581,CATSA,program_vote_stat
1582,CB,program_vote_stat
1583,CBC,program_vote_stat
1584,CBSA,program_vote_stat
1585,CC,program_vote_stat
1586,CCC,program_vote_stat
1587,CCMD,program_vote_stat
1588,CCOHS,program_vote_stat
1589,CCRA,program_vote_stat
1590,CDC,program_vote_stat
1591,CEAA,program_vote_stat
1592,CEO,program_vote_stat
1593,CFDC,program_vote_stat
1594,CFGB,program_vote_stat
1595,CFIA,program_vote_stat
1596,CGC,program_vote_stat
1597,CH,program_vote_stat
1598,CHRC,program_vote_stat
1599,CI,program_vote_stat
1600,CICS,program_vote_stat
1601,CIHR,program_vote_stat
1602,CMC,program_vote_stat
1603,CMHC,program_vote_stat
1604,CMHR,program_vote_stat
1605,CMI,program_vote_stat
1606,CMN,program_vote_stat
1607,CNEDA,program_vote_stat
1608,CNMI,program_vote_stat
1609,CPC,program_vote_stat
1610,CPCC,program_vote_stat
1611,CRTC,program_vote_stat
1612,CSA,program_vote_stat
1613,CSC,program_vote_stat
1614,CTA,program_vote_stat
1615,CTAIB,program_vote_stat
1616,EA,program_vote_stat
1617,EC,program_vote_stat
1618,EDC,program_vote_stat
1619,ERC,program_vote_stat
1620,FBCL,program_vote_stat
1621,FCAC,program_vote_stat
1622,FEDSO,program_vote_stat
1623,FIN,program_vote_stat
1624,FJA,program_vote_stat
1625,FO,program_vote_stat
1626,FORDQ,program_vote_stat
1627,FTRAC,program_vote_stat
1628,GG,program_vote_stat
1629,GSC,program_vote_stat
1630,H,program_vote_stat
1631,HC,program_vote_stat
1632,HRSD,program_vote_stat
1633,IDRC,program_vote_stat
1634,IJC,program_vote_stat
1635,INAC,program_vote_stat
1636,INDSC,program_vote_stat
1637,INVIC,program_vote_stat
1638,IPC,program_vote_stat
1639,IRB,program_vote_stat
1640,ISC,program_vote_stat
1641,JCCB,program_vote_stat
1642,JUS,program_vote_stat
1643,LAC,program_vote_stat
1644,LDC,program_vote_stat
1645,LP,program_vote_stat
1646,MPCC,program_vote_stat
1647,NAC,program_vote_stat
1648,NBC,program_vote_stat
1649,NCC,program_vote_stat
1650,ND,program_vote_stat
1651,NEB,program_vote_stat
1652,NFB,program_vote_stat
1653,NGC,program_vote_stat
1654,NMST,program_vote_stat
1655,NPA,program_vote_stat
1656,NPB,program_vote_stat
1657,NR,program_vote_stat
1658,NRC,program_vote_stat
1659,NSERC,program_vote_stat
1660,NSICP,program_vote_stat
1661,OAG,program_vote_stat
1662,OCI,program_vote_stat
1663,OCOL,program_vote_stat
1664,OCSEC,program_vote_stat
1665,ODPP,program_vote_stat
1666,OEC,program_vote_stat
1667,OICC,program_vote_stat
1668,OPSIC,program_vote_stat
1669,ORL,program_vote_stat
1670,OSEO,program_vote_stat
1671,OSFI,program_vote_stat
1672,PBO,program_vote_stat
1673,PCA,program_vote_stat
1674,PCC,program_vote_stat
1675,PCO,program_vote_stat
1676,PHAC,program_vote_stat
1677,PMPRB,program_vote_stat
1678,PPP,program_vote_stat
1679,PPS,program_vote_stat
1680,PSC,program_vote_stat
1681,PSEP,program_vote_stat
1682,RCMP,program_vote_stat
1683,SC,program_vote_stat
1684,SCA,program_vote_stat
1685,SCC,program_vote_stat
1686,SEN,program_vote_stat
1687,SHARE,program_vote_stat
1688,SIRC,program_vote_stat
1689,SSHRC,program_vote_stat
1690,SWC,program_vote_stat
1691,TBC,program_vote_stat
1692,TC,program_vote_stat
1693,TOUR,program_vote_stat
1694,TRC,program_vote_stat
1695,VAC,program_vote_stat
1696,VIA,program_vote_stat
1697,VRAB,program_vote_stat
1698,WDBA,program_vote_stat
1699,WDO,program_vote_stat
